,dftb_energy,orca_energy
0,-226.4135324,-2748.619905
1,-4.074034748,-76.35162823
,-230.4875671,-2824.971533
,-144630.9484,-1772669.637
