,dftb_energy,orca_energy
0,-226.4135324,-2748.619905
1,-4.074034748,-76.35162823
